status_id,status_message,link_name,status_type,status_link,status_published,num_reactions,num_comments,num_shares,num_likes,num_loves,num_wows,num_hahas,num_sads,num_angrys,num_special
901254039928419_1444447568942394,"Robotics is all set to change the way we look at life, making it all the more easy. Meet the Indian startups innovating in the field of robotics, only at #StartupIndia pavilion, Hall #18, IITF 2017.",,photo,https://www.facebook.com/StartupIndia/photos/a.903216846398805.1073741828.901254039928419/1444447478942403/?type=3,2017-11-12 00:19:03,32,0,5,32,0,0,0,0,0,0
901254039928419_134816443841761,"The India International Trade Fair (IITF) being hosted from 14th to 27th of November at Pragati Maidan, New Delhi. IITF with B2B and B2C components is one of the largest integrated trade fairs. The format of IITF has Business, Social, Cultural and Educational Dimensions that are weaved together where visitors and exhibitors, media persons, marketing professionals, social activists, NGOs etc. all come together to explore their objectives.
 
Several Government Organizations use this platform to spread awareness about their programs and policies among the public. As such, almost all States and Union Territories of Federal Government of India participate in this mega event. The theme this year is Startup India and Stand Up India
 
Open to Business Visitors from Nov 14-17 | General-Public from Nov 18-27 | 9.30 am to 7.30 pm

About Start Up India pavilion:

Set up in Hall 18, Pragati Maidan, will be the Start Up India pavilion where we will showcase indigenous start-ups across various industries. The pavilion is also going to host some of the latest-in-tech engagements activities such as; The Sling Shot and Tweet Café!

Visit us at hall 18, Pragati Maidan to witness the giant leap our indigenous start-ups are making.",India International Trade Fair (IITF),event,https://www.facebook.com/events/134816443841761/,2017-11-11 01:08:02,220,3,0,216,4,0,0,0,0,0
901254039928419_1443536955700122,Today's #startups are creating tomorrow's India. Meet such promising startups at IITF 2017. Visit the #StartupIndia pavilion at Hall #18.,,photo,https://www.facebook.com/StartupIndia/photos/a.903216846398805.1073741828.901254039928419/1443536845700133/?type=3,2017-11-11 00:48:22,37,3,2,37,0,0,0,0,0,0
901254039928419_1442138842506600,Discover how #startups with disruptive technologies are going to be the changemakers at the #StartupIndia Pavilion at IITF 2017. #StartupThursday,StartupThursday on IITF 2017,video,https://www.facebook.com/StartupIndia/videos/1442138842506600/,2017-11-09 10:01:15,90,6,16,88,2,0,0,0,0,0
901254039928419_1442040229183128,#StartupIndia is featuring at IITF 2017. This #StartupThursday get a closer look at what all to expect this year's #StartupIndia stall at IITF 2017.,,photo,https://www.facebook.com/StartupIndia/photos/a.903216846398805.1073741828.901254039928419/1442040142516470/?type=3,2017-11-09 07:27:33,21,0,1,21,0,0,0,0,0,0
901254039928419_1441821512538333,#StartupIndia Hub provides an array of services a #startup needs throughout its life cycle. http://startupindiahub.org.in/,,photo,https://www.facebook.com/StartupIndia/photos/a.903216846398805.1073741828.901254039928419/1441821435871674/?type=3,2017-11-09 00:27:37,22,0,4,22,0,0,0,0,0,0
901254039928419_1440943939292757,Join the #StartupIndia L&D program and master the art of doing business. https://www.startupindia.gov.in/learning-development/,,photo,https://www.facebook.com/StartupIndia/photos/a.903216846398805.1073741828.901254039928419/1440943882626096/?type=3,2017-11-07 22:48:16,58,2,12,57,1,0,0,0,0,0
901254039928419_1440444899342661,Startups & change go hand in hand. They not just benefit from it but also bring forth one for others. #StartupIndia,,photo,https://www.facebook.com/StartupIndia/photos/a.903216846398805.1073741828.901254039928419/1440444759342675/?type=3,2017-11-07 08:51:42,37,1,7,36,1,0,0,0,0,0
901254039928419_1439334412787043,GrabOnRent gets funding assistance from #StartupIndia . Learn more at https://www.grabonrent.com/Bangalore/  #FundOfFunds,,photo,https://www.facebook.com/StartupIndia/photos/a.903216846398805.1073741828.901254039928419/1439334262787058/?type=3,2017-11-05 23:35:19,47,2,4,46,1,0,0,0,0,0
901254039928419_1436272459759905,India Israel Innovation Bridge is the best platform for #startups to showcase potential. Find out at #StartupThursday,StartupThursday on India Israel Innovation Bridge,video,https://www.facebook.com/StartupIndia/videos/1436272459759905/,2017-11-02 09:20:26,79,3,11,73,3,0,2,1,0,0
901254039928419_1436242176429600,This #StartupThursday know all about India Israel Innovation Challenge & what's in there for you. #StartupIndia,,photo,https://www.facebook.com/StartupIndia/photos/a.903216846398805.1073741828.901254039928419/1436242039762947/?type=3,2017-11-02 08:33:29,35,2,5,34,1,0,0,0,0,0
901254039928419_1436230523097432,"India Israel Innovation Challenge - Objective, Problems, Prize & Everything you need to know . #StartupIndia #StartupThursday",,photo,https://www.facebook.com/StartupIndia/photos/a.903216846398805.1073741828.901254039928419/1436230316430786/?type=3,2017-11-02 08:14:57,23,1,18,21,2,0,0,0,0,0
901254039928419_1436009666452851,#StartupIndia hub is creating newer benchmarks by reaching out to 11000 users & more. Are you there yet? http://startupindiahub.org.in/,,photo,https://www.facebook.com/StartupIndia/photos/a.903216846398805.1073741828.901254039928419/1436009616452856/?type=3,2017-11-02 01:26:02,31,1,11,31,0,0,0,0,0,0
901254039928419_1435244706529347,Know the essentials of a great investor pitch only at #StartupIndia L&D Program. Join today! http://www.startupindia.gov.in/learning-development/,,photo,https://www.facebook.com/StartupIndia/photos/a.903216846398805.1073741828.901254039928419/1435244406529377/?type=3,2017-11-01 04:51:16,22,0,3,22,0,0,0,0,0,0
901254039928419_1435168123203672,Learn tips on Investor's Pitch only at #StartupIndia L&D Program. Join the program today! http://www.startupindia.gov.in/learning-development/,,photo,https://www.facebook.com/StartupIndia/photos/a.903216846398805.1073741828.901254039928419/1435168089870342/?type=3,2017-11-01 02:01:02,48,0,6,48,0,0,0,0,0,0
901254039928419_1434428706610947,#StartupIndia enables funding assistance to mPaani. Know more about them at http://www.mpaani.com  #FundOfFunds,,photo,https://www.facebook.com/StartupIndia/photos/a.903216846398805.1073741828.901254039928419/1434428593277625/?type=3,2017-10-31 05:45:01,33,4,5,31,1,1,0,0,0,0
901254039928419_1433562243364260,Participate in the India Israel Global Innovation Challenge to win mentorship from the experts. Log onto bit.ly/2vXbyNh. #StartupIndia,,photo,https://www.facebook.com/StartupIndia/photos/a.903216846398805.1073741828.901254039928419/1433562156697602/?type=3,2017-10-30 04:58:36,25,1,6,23,1,1,0,0,0,0
901254039928419_1433561363364348,Every day is a good day to startup. Words of Motivation for Indian Startups from Shri.Suresh Prabhu. #StartupIndia,,photo,https://www.facebook.com/StartupIndia/photos/a.903216846398805.1073741828.901254039928419/1433561273364357/?type=3,2017-10-30 04:56:56,28,2,4,27,1,0,0,0,0,0
901254039928419_1432594340127717,#StartupIndia provides funding support to ftcash. Know more about www.ftcash.com #FundOfFunds,,photo,https://www.facebook.com/StartupIndia/photos/a.903216846398805.1073741828.901254039928419/1432594226794395/?type=3,2017-10-29 02:04:38,64,3,10,60,2,1,1,0,0,0
901254039928419_1431947570192394,#FundOfFunds has provided funding support to 75 startups already. Your startup can be the next! #StartupIndia,,photo,https://www.facebook.com/StartupIndia/photos/a.903216846398805.1073741828.901254039928419/1431947490192402/?type=3,2017-10-28 08:26:39,107,14,17,107,0,0,0,0,0,0
901254039928419_1430862713634213,India Israel Global Innovation Challenge is a platform that offers unprecedented advantage to innovative startups. Participate now bit.ly/2vXbyNh #StartupIndia,,photo,https://www.facebook.com/StartupIndia/photos/a.903216846398805.1073741828.901254039928419/1430862620300889/?type=3,2017-10-27 03:02:18,35,3,13,35,0,0,0,0,0,0
901254039928419_1430316213688863,Gain insights on accelerators & incubators by industry experts this #StartupThursday. #StartupIndia,StartupThursday on difference b/w an accelerator & incubator,video,https://www.facebook.com/StartupIndia/videos/1430316213688863/,2017-10-26 10:22:32,85,4,12,83,2,0,0,0,0,0
901254039928419_1430125117041306,This #StartupThursday know about the role & criteria for choosing the right accelerator & incubator. #StartupIndia,,photo,https://www.facebook.com/StartupIndia/photos/a.903216846398805.1073741828.901254039928419/1430124717041346/?type=3,2017-10-26 05:39:40,14,1,1,13,1,0,0,0,0,0
901254039928419_1430015700385581,Understand the difference between an accelerator & incubator this #StartupThursday. #StartupIndia,,photo,https://www.facebook.com/StartupIndia/photos/a.903216846398805.1073741828.901254039928419/1430015533718931/?type=3,2017-10-26 02:16:22,12,1,3,12,0,0,0,0,0,0
901254039928419_1429215507132267,"Start Up, Start now! Participate in the India Israel Global Innovation challenge and give wings to your dreams. bit.ly/2vXbyNh #StartupIndia",,photo,https://www.facebook.com/StartupIndia/photos/a.903216846398805.1073741828.901254039928419/1429215263798958/?type=3,2017-10-25 04:02:33,25,2,4,24,0,1,0,0,0,0
901254039928419_1428403663880118,"#StartupIndia Learning & Development Program preparing entrepreneurs of tomorrow, one at a time. http://www.startupindia.gov.in/learning-development/",,photo,https://www.facebook.com/StartupIndia/photos/a.903216846398805.1073741828.901254039928419/1428403543880130/?type=3,2017-10-24 06:25:30,52,3,4,49,2,1,0,0,0,0
901254039928419_1428325207221297,#StartupIndia Learning Program has helped thousands of entrepreneurs across the country. Have you enrolled in yet? http://www.startupindia.gov.in/learning-development/,,photo,https://www.facebook.com/StartupIndia/photos/a.903216846398805.1073741828.901254039928419/1428325130554638/?type=3,2017-10-24 04:27:22,35,0,8,35,0,0,0,0,0,0
901254039928419_1427493830637768,Shri. Suresh Prabhu speaking about the objective of #StartupIndia Hub.,,photo,https://www.facebook.com/StartupIndia/photos/a.903216846398805.1073741828.901254039928419/1427493767304441/?type=3,2017-10-23 06:42:16,75,11,5,74,1,0,0,0,0,0
901254039928419_1427347310652420,Participate in the India Israel Global Innovation Challenge to win mentorship from the experts themselves. Log on to bit.ly/2vXbyNh now! #StartupIndia,,photo,https://www.facebook.com/StartupIndia/photos/a.903216846398805.1073741828.901254039928419/1427347243985760/?type=3,2017-10-23 01:36:09,50,3,7,49,1,0,0,0,0,0
901254039928419_1424524627601355,Know how & when can a mentor help in your #startup journey. Watch the video to know more. #StartupThursday #StartupIndia,StartupThursday on criteria for choosing the right mentor,video,https://www.facebook.com/StartupIndia/videos/1424524627601355/,2017-10-19 12:43:09,55,2,7,54,1,0,0,0,0,0
901254039928419_1424312430955908,Get insights on the right mentor this #Startupthursday. Tune in to know more. #Startupindia,,photo,https://www.facebook.com/StartupIndia/photos/a.903216846398805.1073741828.901254039928419/1424312367622581/?type=3,2017-10-19 07:15:22,31,3,5,31,0,0,0,0,0,0
901254039928419_1424223724298112,Get insights on the right mentor this #Startupthursday. Tune in to know more. #Startupindia,,photo,https://www.facebook.com/StartupIndia/photos/a.903216846398805.1073741828.901254039928419/1424223540964797/?type=3,2017-10-19 04:51:15,26,0,1,25,1,0,0,0,0,0
901254039928419_1422534011133750,India Israel Global Innovation Challenge is a platform that offers unprecedented advantage to innovative startups. Participate now bit.ly/2vXbyNh #StartupIndia,,photo,https://www.facebook.com/StartupIndia/photos/a.903216846398805.1073741828.901254039928419/1422533981133753/?type=3,2017-10-17 01:10:02,29,3,12,28,1,0,0,0,0,0
901254039928419_1421747631212388,"Start Up, Start now! Participate in the India Israel Global Innovation challenge and give wings to your dreams. #StartupIndia",,photo,https://www.facebook.com/StartupIndia/photos/a.903216846398805.1073741828.901254039928419/1421747517879066/?type=3,2017-10-16 01:30:56,50,5,8,49,1,0,0,0,0,0
901254039928419_1420110978042720,India Israel Global Innovation Challenge is a platform that offers unprecedented advantage to innovative startups. Participate now bit.ly/2vXbyNh #StartupIndia,,photo,https://www.facebook.com/StartupIndia/photos/a.903216846398805.1073741828.901254039928419/1420110908042727/?type=3,2017-10-13 23:32:42,22,2,6,20,1,1,0,0,0,0
901254039928419_1419353154785169,Participate in the India Israel Global Innovation Challenge to win mentorship from the experts themselves. Log on to bit.ly/2vXbyNh now! #StartupIndia,,photo,https://www.facebook.com/StartupIndia/photos/a.903216846398805.1073741828.901254039928419/1419352584785226/?type=3,2017-10-13 01:40:22,47,5,6,47,0,0,0,0,0,0
901254039928419_1418756331511518,Listen to #startup expert & know how to find the best #mentor for your startup. #StartupThursday #StartupIndia,,video,https://www.facebook.com/StartupIndia/videos/1418756331511518/,2017-10-12 08:27:46,82,4,13,81,0,1,0,0,0,0
901254039928419_1418636294856855,This #StartupThursday will help you understand the importance of a right mentor. Stay tuned! #StartupIndia,,photo,https://www.facebook.com/StartupIndia/photos/a.903216846398805.1073741828.901254039928419/1418636224856862/?type=3,2017-10-12 04:52:40,19,0,3,19,0,0,0,0,0,0
901254039928419_1418543808199437,"Start Up, Start now! Participate in the India Israel Global Innovation challenge and give wings to your dreams. bit.ly/2vXbyNh #StartupIndia",,photo,https://www.facebook.com/StartupIndia/photos/a.903216846398805.1073741828.901254039928419/1418543748199443/?type=3,2017-10-12 01:17:09,12,0,3,12,0,0,0,0,0,0
901254039928419_1418537814866703,How to find & value of the right mentor? Get ans to all ur ques in this #StartupThursday video. #StartupIndia,,photo,https://www.facebook.com/StartupIndia/photos/a.903216846398805.1073741828.901254039928419/1418537698200048/?type=3,2017-10-12 01:05:14,26,2,1,24,2,0,0,0,0,0
901254039928419_1417784228275395,Participate in the India Israel Global Innovation Challenge to win mentorship from the experts themselves. Log on to bit.ly/2vXbyNh now! #StartupIndia,,photo,https://www.facebook.com/StartupIndia/photos/a.903216846398805.1073741828.901254039928419/1417784121608739/?type=3,2017-10-11 00:22:07,22,1,9,22,0,0,0,0,0,0
901254039928419_1417071588346659,India Israel Global Innovation Challenge is a platform that offers unprecedented advantage to innovative startups. Participate now bit.ly/2vXbyNh #StartupIndia,,photo,https://www.facebook.com/StartupIndia/photos/a.903216846398805.1073741828.901254039928419/1417071511680000/?type=3,2017-10-10 02:47:55,34,1,7,33,0,1,0,0,0,0
901254039928419_1416173948436423,"Start Up, Start now! Participate in the India Israel Global Innovation challenge and give wings to your dreams. bit.ly/2vXbyNh #StartupIndia",,photo,https://www.facebook.com/StartupIndia/photos/a.903216846398805.1073741828.901254039928419/1416173868436431/?type=3,2017-10-09 01:16:04,60,7,13,57,2,1,0,0,0,0
901254039928419_1413238555396629,Get ready with your questions related to Angel #Investors & #VC Funds. #StartupThursday is here to answer. #StartupIndia,,video,https://www.facebook.com/StartupIndia/videos/1413238555396629/,2017-10-05 09:55:42,126,5,23,121,2,3,0,0,0,0
901254039928419_1413155442071607,#VC Funds? Angel #investors ? What's the difference? Get answer to all your questions on this #StartupThursday #StartupIndia,,photo,https://www.facebook.com/StartupIndia/photos/a.903216846398805.1073741828.901254039928419/1413155382071613/?type=3,2017-10-05 07:43:50,37,1,5,36,0,1,0,0,0,0
901254039928419_1409222772464874,"Know about upcoming State Startup ranking, view parameters & give suggestions! bit.ly/2fz1mQz #StartupIndia",,photo,https://www.facebook.com/StartupIndia/photos/a.903216846398805.1073741828.901254039928419/1409222605798224/?type=3,2017-09-30 03:53:25,37,0,15,35,0,2,0,0,0,0
901254039928419_1407934162593735,Incubation support to #startups. #StartupIndia,StartupThursday on Incubation support to start-ups,video,https://www.facebook.com/StartupIndia/videos/1407934162593735/,2017-09-28 09:02:56,133,2,9,129,1,3,0,0,0,0
901254039928419_1407897912597360,This #StartupThursday get info on the value proposition provided by incubators to #startups.,,photo,https://www.facebook.com/StartupIndia/photos/a.903216846398805.1073741828.901254039928419/1407897859264032/?type=3,2017-09-28 07:51:01,40,0,5,39,1,0,0,0,0,0
901254039928419_1407093372677814,Bengaluru-Boston Biotech Gateway aims to encourage #startups in the Biotechnology Sector. #StartupIndia,,photo,https://www.facebook.com/StartupIndia/photos/a.903216846398805.1073741828.901254039928419/1407093309344487/?type=3,2017-09-27 05:29:08,58,3,8,55,0,3,0,0,0,0
901254039928419_1407026352684516,Join #StartupIndia Learning & Development program & understand the fundamentals of finance. http://www.startupindia.gov.in/learning-development/,,photo,https://www.facebook.com/StartupIndia/photos/a.903216846398805.1073741828.901254039928419/1407026306017854/?type=3,2017-09-27 02:45:31,57,0,8,54,1,2,0,0,0,0
901254039928419_1407893802597771,Tune in this #StartupThursday and know about incubation support to #startups via industry-academia collaboration #StartupIndia,,photo,https://www.facebook.com/StartupIndia/photos/a.903216846398805.1073741828.901254039928419/1407893392597812/?type=3,2017-09-28 07:43:02,24,0,4,24,0,0,0,0,0,0
901254039928419_1405720136148471,Suresh Prabhu talks about the importance of tinkering change within the #startup ecosystem. #StartupIndia,,photo,https://www.facebook.com/StartupIndia/photos/a.903216846398805.1073741828.901254039928419/1405720036148481/?type=3,2017-09-25 07:25:50,52,0,7,50,2,0,0,0,0,0
901254039928419_1405544396166045,"A total of ₹1,970.95 Cr. committed in 62 various funds by Govt through ASPIRE Fund, India Aspiration Fund and FFS. #StartupIndia",,photo,https://www.facebook.com/StartupIndia/photos/a.903216846398805.1073741828.901254039928419/1405544282832723/?type=3,2017-09-25 00:23:53,78,7,15,77,1,0,0,0,0,0
901254039928419_1403377033049448,"#StartupIndia has recognised over 4,000 #startups. Get your #startup 
recognised at bit.ly/2omLwLE",,photo,https://www.facebook.com/StartupIndia/photos/a.903216846398805.1073741828.901254039928419/1403376866382798/?type=3,2017-09-22 08:03:36,126,13,27,123,3,0,0,0,0,0
901254039928419_1403238033063348,India Israel Innovation Bridge: Calling all change makers. It's your chance to change the world.#StartupIndia https://www.startupindiahub.org.in/content/sih/en/reources/innovation-challenge.html,India Israel Innovation Bridge,video,https://www.facebook.com/StartupIndia/videos/1403238033063348/,2017-09-22 03:17:21,58,2,13,55,3,0,0,0,0,0
901254039928419_1402561756464309,Watch how Atal Innovation Mission supports & promotes #startups in India. #StartupThursday #StartupIndia,,video,https://www.facebook.com/StartupIndia/videos/1402561756464309/,2017-09-21 07:06:10,148,4,70,144,2,2,0,0,0,0
901254039928419_1402514133135738,Indian #startup Kheyti wins a prestigious award in Israel. Sathya Raghu V Mokkapati @Saumya @knrkaushik  http://www.financialexpress.com/industry/indian-start-up-kheyti-wins-prestigious-award-in-israel/858998/ … #StartupIndia,Indian start-up Kheyti wins prestigious award in Israel,link,http://www.financialexpress.com/industry/indian-start-up-kheyti-wins-prestigious-award-in-israel/858998/,2017-09-21 05:28:28,79,0,16,74,0,4,0,1,0,0
901254039928419_1402416793145472,"This #StartupThursday, know how Atal Innovation Mission supports #startups across the country. #StartupIndia",,photo,https://www.facebook.com/StartupIndia/photos/a.903216846398805.1073741828.901254039928419/1402416729812145/?type=3,2017-09-21 01:51:28,33,4,3,32,0,1,0,0,0,0
901254039928419_1401749899878828,Join the #StartupThursday session to get all the information on Atal Innovation Mission. #StartupIndia,,photo,https://www.facebook.com/StartupIndia/photos/a.903216846398805.1073741828.901254039928419/1401749816545503/?type=3,2017-09-20 06:31:21,30,0,4,27,1,0,2,0,0,0
901254039928419_1401626593224492,,Atal Innovation Mission,photo,https://www.facebook.com/1269534143131857/photos/a.1306701049415166.1073741828.1269534143131857/1450994038319199/?type=3,2017-09-20 01:49:30,45,0,0,42,2,1,0,0,0,0
901254039928419_1401012263285925,Join #StartupIndia Learning & Development program to know all about the legal foundation of a #startup. www.startupindia.gov.in/learning-development/,,photo,https://www.facebook.com/StartupIndia/photos/a.903216846398805.1073741828.901254039928419/1401012019952616/?type=3,2017-09-19 06:35:54,38,1,4,37,1,0,0,0,0,0
901254039928419_1400953729958445,Join #StartupIndia Learning & Development program & access your idea with respect to the market it caters to. www.startupindia.gov.in/learning-development/,,photo,https://www.facebook.com/StartupIndia/photos/a.903216846398805.1073741828.901254039928419/1400953679958450/?type=3,2017-09-19 04:46:18,44,1,5,43,1,0,0,0,0,0
901254039928419_1400226223364529,Tier 2/3 cities marching ahead! #StartupIndia has given a great boost to the #startup culture in smaller cities!,,photo,https://www.facebook.com/StartupIndia/photos/a.903216846398805.1073741828.901254039928419/1400226150031203/?type=3,2017-09-18 04:40:20,60,6,7,56,3,1,0,0,0,0
901254039928419_1400173483369803,Shri. Suresh Prabhu emphasises that the best companies achieve success bcos. they adapt to change & start afresh. #StartupIndia,,photo,https://www.facebook.com/StartupIndia/photos/a.903216846398805.1073741828.901254039928419/1400173373369814/?type=3,2017-09-18 02:27:45,34,0,1,31,3,0,0,0,0,0
901254039928419_1398728543514297,NIDHI provides funding and incubation support to startups across the country. #StartupIndia,,photo,https://www.facebook.com/StartupIndia/photos/a.903216846398805.1073741828.901254039928419/1398728396847645/?type=3,2017-09-16 07:58:09,78,5,22,74,4,0,0,0,0,0
901254039928419_1398543666866118,"Atal Innovation Mission, promoting a culture of innovation & entrepreneurship.  #StartupIndia",,photo,https://www.facebook.com/StartupIndia/photos/a.903216846398805.1073741828.901254039928419/1398543536866131/?type=3,2017-09-16 01:54:02,42,3,6,40,1,1,0,0,0,0
901254039928419_1397103890343429,"Watch Shri. Ramesh Abhishek, Secretary DIPP & start-ups talk about the benefits of #StartupIndia for Indian Entrepreneurs. #StartupThursday",StartupThursday on Benefits of StartupIndia for Indian Entrepr...,video,https://www.facebook.com/StartupIndia/videos/1397103890343429/,2017-09-14 08:01:38,95,5,14,89,5,1,0,0,0,0
901254039928419_1397013050352513,This #StartupThursday join us for the detailed information on all the benefits of #StartupIndia & #StartupIndiaHub.,,photo,https://www.facebook.com/StartupIndia/photos/a.903216846398805.1073741828.901254039928419/1397012913685860/?type=3,2017-09-14 04:56:23,36,5,4,35,1,0,0,0,0,0
901254039928419_1396964353690716,The #StartupIndia States’ Conference is here. Stay tuned for all the updates.,,photo,https://www.facebook.com/StartupIndia/photos/a.903216846398805.1073741828.901254039928419/1396964180357400/?type=3,2017-09-14 03:00:08,21,0,1,20,1,0,0,0,0,0
901254039928419_1395377053849446,"Second Start-up India States’ Conference, 12th Sept' 2017",StartupIndia States’Conference,video,https://www.facebook.com/StartupIndia/videos/1395377053849446/,2017-09-12 00:24:53,126,39,32,117,7,1,1,0,0,0
901254039928419_1395374903849661,startup India State Conference,,status,,2017-09-12 00:19:44,22,1,1,22,0,0,0,0,0,0
901254039928419_1395373540516464,We are live from the #startupindia States' Conference. Stay tuned for the updates. https://www.pscp.tv/w/1gqxvOVZlVaKB,Startup India @startupindia,link,https://www.pscp.tv/w/1gqxvOVZlVaKB,2017-09-12 00:16:34,38,1,3,38,0,0,0,0,0,0
901254039928419_1396963807024104,"C.R. Chaudhary, Minister of State, MoCI is the Chief Guest of #StartupIndia States' Conference.",,photo,https://www.facebook.com/StartupIndia/photos/a.903216846398805.1073741828.901254039928419/1396963673690784/?type=3,2017-09-14 02:58:47,10,0,1,9,1,0,0,0,0,0
901254039928419_1396963057024179,Shri. Suresh Prabhu calls #startups the change agents of the society. #StartupIndia,,photo,https://www.facebook.com/StartupIndia/photos/a.903216846398805.1073741828.901254039928419/1396962880357530/?type=3,2017-09-14 02:56:35,36,2,4,36,0,0,0,0,0,0
901254039928419_1393986210655197,Opportunity is knocking at your door. Are you going to answer? Say yes to the India-Israel Innovation Bridge here: bit.ly/2vXbyNh,,photo,https://www.facebook.com/StartupIndia/photos/a.903216846398805.1073741828.901254039928419/1393986063988545/?type=3,2017-09-10 07:46:17,37,3,8,33,3,1,0,0,0,0
901254039928419_1393985377321947,Innovate. Take risks. Live your passion. The challenge starts now: bit.ly/2vXbyNh,,photo,https://www.facebook.com/StartupIndia/photos/a.903216846398805.1073741828.901254039928419/1393985210655297/?type=3,2017-09-10 07:45:06,15,0,4,13,2,0,0,0,0,0
901254039928419_1393984247322060,"The only way to predict the future is to create it. Entrepreneurs, are you ready for the India Israel Innovation Bridge? bit.ly/2vXbyNh",,photo,https://www.facebook.com/StartupIndia/photos/a.903216846398805.1073741828.901254039928419/1393984070655411/?type=3,2017-09-10 07:43:06,55,4,11,54,0,1,0,0,0,0
901254039928419_1393059184081233,Your ideas have the power to change the world. Are you ready for the challenge? Start here: bit.ly/2uFBwD2,,photo,https://www.facebook.com/StartupIndia/photos/a.903216846398805.1073741828.901254039928419/1393059117414573/?type=3,2017-09-09 02:13:55,79,10,24,76,2,1,0,0,0,0
901254039928419_1393987817321703,"Gear up! The entire #startup ecosystem comes together for the
#StartupIndia States' Conference.",,photo,https://www.facebook.com/StartupIndia/photos/a.903216846398805.1073741828.901254039928419/1393987657321719/?type=3,2017-09-10 07:49:13,30,0,6,29,0,1,0,0,0,0
901254039928419_1393988510654967,"Get an insight on the role of states in promoting #startups at the
#StartupIndia  States' Conference.",,photo,https://www.facebook.com/StartupIndia/photos/a.903216846398805.1073741828.901254039928419/1393988230654995/?type=3,2017-09-10 07:50:23,12,0,2,11,0,1,0,0,0,0
901254039928419_1392447347475750,The #StartupIndia states’ conference is happening this month! Stay glued for more updates.,,photo,https://www.facebook.com/StartupIndia/photos/a.903216846398805.1073741828.901254039928419/1392447280809090/?type=3,2017-09-08 05:32:59,135,9,17,129,3,0,3,0,0,0
901254039928419_1391813570872461,"This #StartupThursday, know all about the support provided to Biotech #startups. #StartupIndia",,video,https://www.facebook.com/StartupIndia/videos/1391813570872461/,2017-09-07 09:21:36,88,0,2,85,0,1,0,0,2,0
901254039928419_1391758857544599,Join the #StartupThursday session to know all about the benefits provided to biotech #startups by the #GOI. #StartupIndia,,photo,https://www.facebook.com/StartupIndia/photos/a.903216846398805.1073741828.901254039928419/1391758737544611/?type=3,2017-09-07 07:42:00,27,1,1,25,1,1,0,0,0,0
901254039928419_1391722330881585,"Watch out for the Startup India States' Conference, an insight on the agenda. #StartupIndia",,video,https://www.facebook.com/StartupIndia/videos/1391722330881585/,2017-09-07 06:41:24,13,1,2,13,0,0,0,0,0,0
901254039928419_1391721967548288,This #StartupThursday get info on the support provided to Biotech #startups. Tune in today to know more. #StartupIndia,,photo,https://www.facebook.com/StartupIndia/photos/a.903216846398805.1073741828.901254039928419/1391721880881630/?type=3,2017-09-07 06:37:23,11,0,3,11,0,0,0,0,0,0
901254039928419_1390875070966311,Join us for a live session on #StartupIndia with Suresh Prabhu,,video,https://www.facebook.com/StartupIndia/videos/1390875070966311/,2017-09-06 01:40:00,486,59,50,458,25,0,1,1,1,0
901254039928419_1390290024358149,#StartupIndia salutes all the teachers and wish them a very #HappyTeachersDay,,photo,https://www.facebook.com/StartupIndia/photos/a.903216846398805.1073741828.901254039928419/1390289981024820/?type=3,2017-09-05 08:06:25,39,0,4,39,0,0,0,0,0,0
901254039928419_1386552548065230,This #StartupThursday know more on the upcoming #StartupIndia States' conference. Post your queries/suggestions to know more.,,video,https://www.facebook.com/StartupIndia/videos/1386552548065230/,2017-08-31 13:20:35,85,6,2,82,2,1,0,0,0,0
901254039928419_1384620114925140,#Startups should not worry about failures. Nirmala Sitharaman talks about hand holding by #StartupIndia to avoid any eventuality.,,photo,https://www.facebook.com/StartupIndia/photos/a.903216846398805.1073741828.901254039928419/1384620014925150/?type=3,2017-08-29 03:24:10,51,7,2,49,2,0,0,0,0,0
901254039928419_1383879501665868,Another innovative initiative by Nirmala Sitharaman. Artificial Intelligence changing Indian economic landscape.#AIForNewIndia #StartupIndia,,photo,https://www.facebook.com/StartupIndia/photos/a.903216846398805.1073741828.901254039928419/1383879354999216/?type=3,2017-08-28 04:49:25,40,4,6,40,0,0,0,0,0,0
901254039928419_1383881731665645,Join and connect with the experts of the #startup ecosystem. #StartupIndia,,photo,https://www.facebook.com/StartupIndia/photos/a.903216846398805.1073741828.901254039928419/1383881558332329/?type=3,2017-08-28 04:53:52,44,2,5,42,2,0,0,0,0,0
901254039928419_1383880394999112,Get knowledge and build your entrepreneurial skills at the #StartupIndia hub.,,photo,https://www.facebook.com/StartupIndia/photos/a.903216846398805.1073741828.901254039928419/1383879968332488/?type=3,2017-08-28 04:51:18,75,3,2,73,1,0,1,0,0,0
901254039928419_1381018428618642,"This #StartupThursday know about incubation in tier 2, 3 cities & mentoring support for #startups #StartupIndia",,video,https://www.facebook.com/StartupIndia/videos/1381018428618642/,2017-08-24 11:15:59,85,3,14,82,2,1,0,0,0,0
901254039928419_1380894885297663,"Mentorship and incubators in tier 2 & 3 cities, now open to all aspiring entrepreneurs! stay tuned for  #StartupThursday #StartupIndia",,photo,https://www.facebook.com/StartupIndia/photos/a.903216846398805.1073741828.901254039928419/1380894548631030/?type=3,2017-08-24 08:06:34,25,3,5,25,0,0,0,0,0,0
901254039928419_1380849718635513,#StartupIndia is coming up with incubation & mentorship in tier 2 & 3 cities! Follow #StartupThursday to know abt it!,,photo,https://www.facebook.com/StartupIndia/photos/a.903216846398805.1073741828.901254039928419/1380849611968857/?type=3,2017-08-24 06:51:16,20,3,2,20,0,0,0,0,0,0
901254039928419_1380788335308318,#StartupIndia #Generationext is an opportunity for students to be a part of the #startup ecosystem and be the new age entrepreneurs.,,video,https://www.facebook.com/StartupIndia/videos/1380788335308318/,2017-08-24 04:57:49,4,0,2,4,0,0,0,0,0,0
901254039928419_1380706205316531,Take the first step in the journey from Classroom to Boardroom with #StartupIndia.,,photo,https://www.facebook.com/StartupIndia/photos/a.903216846398805.1073741828.901254039928419/1380706115316540/?type=3,2017-08-24 01:51:15,54,4,13,52,2,0,0,0,0,0
901254039928419_1380791368641348,Be a step ahead! Register for the #StartupIndia learning program & progress in your #startup journey. http://startupindia.gov.in/learning-development,,video,https://www.facebook.com/StartupIndia/videos/1380791005308051/,2017-08-24 05:04:10,6,0,1,5,0,1,0,0,0,0
901254039928419_1379303775456774,Looking to #startup? Have queries? Access resources at #StartupIndia Hub. Watch the explainer video here. www.startupindiahub.org.in,StartupIndia Hub,video,https://www.facebook.com/StartupIndia/videos/1379303775456774/,2017-08-22 06:11:23,116,11,74,109,5,1,1,0,0,0
901254039928419_1380793875307764,#StartupIndia recognises 3000+ #startups. Have you applied yet?,,photo,https://www.facebook.com/StartupIndia/photos/a.903216846398805.1073741828.901254039928419/1380793611974457/?type=3,2017-08-24 05:08:56,15,2,6,14,1,0,0,0,0,0
901254039928419_1378743205512831,"Gunjan Mehrish, Founder-Idea Chakki, speaks about FFS as a source of funding.Listen to his entrepreneurial journey #WED2017",World Entrepreneurs' Day 2017,video,https://www.facebook.com/StartupIndia/videos/1378743205512831/,2017-08-21 12:36:03,65,2,5,64,1,0,0,0,0,0
901254039928419_1378648385522313,"Mr. Devesh Rai founder and CEO of Wydr, expresses how he was helped by #StartupIndia through Fund of Funds capital. #WorldEntrepreneursDay",World Entrepreneurs' Day 2017,video,https://www.facebook.com/StartupIndia/videos/1378648385522313/,2017-08-21 10:20:40,105,1,12,105,0,0,0,0,0,0
901254039928419_1378529522200866,"Joint Secy, DIPP motivates & supports entrepreneurs in their #startup journey with #StartupIndia. #WorldEntrepreneursDay",World Entrepreneurs' Day 2017,video,https://www.facebook.com/StartupIndia/videos/1378529522200866/,2017-08-21 07:27:11,72,1,7,72,0,0,0,0,0,0
901254039928419_1378506678869817,"Founder & CEO, Daboya is thankful to #StartupIndia hub for connecting his #startup with the right people. #WED2017",World Entrepreneurs' Day 2017,video,https://www.facebook.com/StartupIndia/videos/1378506678869817/,2017-08-21 06:17:19,73,0,2,72,1,0,0,0,0,0
901254039928419_1378461642207654,"Director OneIndig, talks about easy recognition process & benefits available under #StartupIndia initiative. #WorldEntrepreneursDay",World Entrepreneurs' Day 2017,video,https://www.facebook.com/StartupIndia/videos/1378461642207654/,2017-08-21 04:48:46,107,2,20,103,3,1,0,0,0,0
901254039928419_1378419698878515,"Listen to Founder & CEO Ashvini Jakhar of Prozo.com, sharing how the #StartupIndia Learning Program helped him in his #startup journey. #WorldEntrepreneursDay",World Entrepreneurs' Day 2017,video,https://www.facebook.com/StartupIndia/videos/1378419698878515/,2017-08-21 03:10:47,84,2,8,82,2,0,0,0,0,0
901254039928419_1378385908881894,Nirmala Sitharaman : Wishing all entrepreneurs success in their #startup journey on World Entrepreneurs' Day.,,photo,https://www.facebook.com/StartupIndia/photos/a.903216846398805.1073741828.901254039928419/1378385502215268/?type=3,2017-08-21 01:59:32,201,0,39,189,8,4,0,0,0,0
901254039928419_1380796005307551,"Tax exemptions on income tax, capital gains & on investments above FMV. A major boon for #startups. http://startupindia.gov.in  #StartupIndia",,photo,https://www.facebook.com/StartupIndia/photos/a.903216846398805.1073741828.901254039928419/1380795745307577/?type=3,2017-08-24 05:14:27,84,2,17,80,2,1,0,0,1,0
901254039928419_1380794981974320,Sowing the seeds of entrepreneurship early in schools. #StartupIndia to set up 941 Tinkering Labs in schools to rev up the startup culture.,,photo,https://www.facebook.com/StartupIndia/photos/a.903216846398805.1073741828.901254039928419/1380794595307692/?type=3,2017-08-24 05:11:43,9,0,3,8,1,0,0,0,0,0
901254039928419_1380798755307276,Revised definition of #startups adds momentum to the spirit of entrepreneurship! #StartupIndia,,photo,https://www.facebook.com/StartupIndia/photos/a.903216846398805.1073741828.901254039928419/1380798528640632/?type=3,2017-08-24 05:20:16,22,4,6,20,1,1,0,0,0,0
901254039928419_1380797758640709,Get to know the essential terms of the #startup world. #Patent #StartupIndia,,photo,https://www.facebook.com/StartupIndia/photos/a.903216846398805.1073741828.901254039928419/1380797578640727/?type=3,2017-08-24 05:18:21,19,2,2,17,1,1,0,0,0,0
901254039928419_1380797058640779,Confused between accelerator and incubator? Clarify your doubts with #StartupIndia #Accelerator,,photo,https://www.facebook.com/StartupIndia/photos/a.903216846398805.1073741828.901254039928419/1380796855307466/?type=3,2017-08-24 05:16:54,7,0,4,7,0,0,0,0,0,0
901254039928419_1375488982504920,Look for your queries being addressed on Intellectual Property Rights. #StartupThursday #StartupIndia,StartupThursday on Intellectual Property Rights,video,https://www.facebook.com/StartupIndia/videos/1375488982504920/,2017-08-17 10:23:18,104,6,19,100,4,0,0,0,0,0
901254039928419_1380805465306605,"Startups exempted from submitting EMD in Govt.
tenders. Participating in tenders becomes easy now. #StartupIndia",,photo,https://www.facebook.com/StartupIndia/photos/a.903216846398805.1073741828.901254039928419/1380805231973295/?type=3,2017-08-24 05:21:45,51,6,11,49,1,1,0,0,0,0
901254039928419_1380806381973180,"Become a mentor and get access to 1000+ #startups. Because when they grow, you grow. #StartupIndia",,photo,https://www.facebook.com/StartupIndia/photos/a.903216846398805.1073741828.901254039928419/1380806031973215/?type=3,2017-08-24 05:23:25,33,0,6,32,0,1,0,0,0,0
901254039928419_1380807418639743,Play a vital role in the life cycle of a #startup. Become a mentor. #StartupIndia,,photo,https://www.facebook.com/StartupIndia/photos/a.903216846398805.1073741828.901254039928419/1380807308639754/?type=3,2017-08-24 05:25:29,11,0,0,11,0,0,0,0,0,0
901254039928419_1373539536033198,Wishing everyone a very happy 71st Independence Day.  #StartupIndia,Happy Independence Day,video,https://www.facebook.com/StartupIndia/videos/1373539536033198/,2017-08-15 02:08:02,17,3,4,15,2,0,0,0,0,0
901254039928419_1380810981972720,Get insights from industry experts. Become L&D program certified. #StartupIndia http://startupindia.gov.in/learning-development/,,photo,https://www.facebook.com/StartupIndia/photos/a.903216846398805.1073741828.901254039928419/1380810811972737/?type=3,2017-08-24 05:33:08,37,0,8,35,2,0,0,0,0,0
901254039928419_1380808628639622,"Register for L&D program. 1,60,000+ startups already getting benefited. #StartupIndia http://startupindia.gov.in/learning-development/",,photo,https://www.facebook.com/StartupIndia/photos/a.903216846398805.1073741828.901254039928419/1380808118639673/?type=3,2017-08-24 05:27:36,60,0,13,57,3,0,0,0,0,0
901254039928419_1380812675305884,Startups to focus on core business ideas. #StartupIndia,,photo,https://www.facebook.com/StartupIndia/photos/a.903216846398805.1073741828.901254039928419/1380812481972570/?type=3,2017-08-24 05:36:48,28,0,3,27,0,1,0,0,0,0
901254039928419_1380812111972607,"Conviction, determination & persistence are the pre-requisites of hard work, which when put together pays off. #StartupIndia",,photo,https://www.facebook.com/StartupIndia/photos/a.903216846398805.1073741828.901254039928419/1380811845305967/?type=3,2017-08-24 05:35:18,15,0,1,15,0,0,0,0,0,0
901254039928419_1369799476407204,Watch your queries on incubation facility for #startups being addressed. #StartupThursday #StartupIndia,StartupThursday on Incubation facility for startups,video,https://www.facebook.com/StartupIndia/videos/1369799476407204/,2017-08-10 12:00:03,54,3,2,52,1,0,1,0,0,0
901254039928419_1363939743659844,"Watch Rajiv Aggarwal, Joint Secretary, DIPP talking about relaxed procurement norms for #startups #StartupThursday #StartupIndia",StartupThursday on Relaxed Procurement Norms,video,https://www.facebook.com/StartupIndia/videos/1363939743659844/,2017-08-03 10:47:49,133,7,25,132,1,0,0,0,0,0
901254039928419_1361900300530455,"Engage with us, take your pick. #StartupIndia hub now in English, Hindi, Kannada, Telugu & Tamil bit.ly/2t5rhoK",,photo,https://www.facebook.com/StartupIndia/photos/a.903216846398805.1073741828.901254039928419/1361900227197129/?type=3,2017-08-01 01:48:04,52,4,7,49,2,1,0,0,0,0
901254039928419_1361899653863853,"2,500 #startups recognised and counting. A milestone achieved by #StartupIndia. Join the startup revolution today!",,photo,https://www.facebook.com/StartupIndia/photos/a.903216846398805.1073741828.901254039928419/1361899473863871/?type=3,2017-08-01 01:46:42,60,5,8,56,2,0,2,0,0,0
901254039928419_1357995227587629,The answers to all your queries are here on #StartupIndia Hub. Watch the video to know more. #StartupThursday,StartupThursday on Start-up India Hub,video,https://www.facebook.com/StartupIndia/videos/1357995227587629/,2017-07-27 09:13:34,293,14,24,286,3,4,0,0,0,0
901254039928419_1357234407663711,#StartupThursday session on the #Startup India hub. Tune in to get all the information you need.,,photo,https://www.facebook.com/StartupIndia/photos/a.903216846398805.1073741828.901254039928419/1357234020997083/?type=3,2017-07-27 02:30:00,17,0,2,16,0,1,0,0,0,0
901254039928419_1357233014330517,Get answers to all your queries about the hub. Watch out for the #StartupThursday session to know more. #StartupIndia,,photo,https://www.facebook.com/StartupIndia/photos/a.903216846398805.1073741828.901254039928419/1357232844330534/?type=3,2017-07-26 12:37:03,22,0,1,22,0,0,0,0,0,0
901254039928419_1356684997718652,Way to go #IIGP2.0! Such a great initiative to preserve India's talent. #StartupIndia,IIGP 2.0,photo,https://www.facebook.com/IIGP2.0/photos/a.1630863510522388.1073741828.1549276305347776/1928796667395736/?type=3,2017-07-26 01:03:34,19,1,0,19,0,0,0,0,0,0
901254039928419_1355513134502505,,IIGP 2.0,photo,https://www.facebook.com/IIGP2.0/photos/a.1630863510522388.1073741828.1549276305347776/1928298347445568/?type=3,2017-07-25 01:46:40,51,3,0,51,0,0,0,0,0,0
901254039928419_1355512894502529,,IIGP 2.0,photo,https://www.facebook.com/IIGP2.0/photos/a.1630863510522388.1073741828.1549276305347776/1928215234120546/?type=3,2017-07-25 01:46:21,36,1,0,36,0,0,0,0,0,0
901254039928419_1351028858284266,"Watch your queries on #StartupIndia learning and development programme being addressed. To register, log onto bit.ly/2iU2saA #StartupThursday",StartupThursday on StartupIndia Learning & Development Programme,video,https://www.facebook.com/StartupIndia/videos/1351028858284266/,2017-07-20 07:03:06,94,7,11,89,3,2,0,0,0,0
901254039928419_1347859381934547,Watch out how Jignesh from Ahmadabad gets benefited with #StartupIndia learning prog. Enroll at bit.ly/2iU2saA to live your #startup dream.,Start-up India Learning Program,video,https://www.facebook.com/StartupIndia/videos/1347859381934547/,2017-07-17 02:35:56,65,5,15,64,0,1,0,0,0,0
901254039928419_1344731825580636,Look out for Sukhwinder from Chandigarh determining his #startup journey through #StartupIndia learning prog. Register now bit.ly/2iU2saA,Start-up India Learning Program,video,https://www.facebook.com/StartupIndia/videos/1344731825580636/,2017-07-14 01:27:44,44,1,2,43,1,0,0,0,0,0
901254039928419_1343828915670927,"Watch Bishakha Bhattacharya, Senior Director & Head of Public Policy, NASSCOM, addressing queries on approaching an incubator for your start-up ideas. #StartupThursday #StartupIndia",StarupThursday by StartupIndia,video,https://www.facebook.com/StartupIndia/videos/1343828915670927/,2017-07-13 06:41:15,169,4,18,167,2,0,0,0,0,0
901254039928419_1342821502438335,,Young Turks,video,https://www.facebook.com/cnbcyoungturks/videos/1462966273769868/,2017-07-12 04:01:11,13,1,0,13,0,0,0,0,0,0
901254039928419_1337259752994510,"India-Israel Innovation Bridge, a vision to solve problems in 3 focused sectors. #StartupIndia #IndiaIsraelStartup",Timeline Photos,photo,https://www.facebook.com/StartupIndia/photos/a.903216846398805.1073741828.901254039928419/1337259752994510/?type=3,2017-07-06 08:00:00,46,4,5,45,1,0,0,0,0,0
901254039928419_1337259096327909,"India-Israel Innovation Bridge, calling best of the minds from both the countries for addressing global challenges. #StartupIndia #IndiaIsraelStartup",Timeline Photos,photo,https://www.facebook.com/StartupIndia/photos/a.903216846398805.1073741828.901254039928419/1337259096327909/?type=3,2017-07-06 07:30:00,34,5,3,31,2,1,0,0,0,0
901254039928419_1337257716328047,"India-Israel Innovation Bridge, rewards that can change the face of your entrepreneurial journey. Your golden chance is here! #StartupIndia #IndiaIsraelStartup",Timeline Photos,photo,https://www.facebook.com/StartupIndia/photos/a.903216846398805.1073741828.901254039928419/1337257716328047/?type=3,2017-07-06 07:00:00,71,10,9,65,5,0,0,0,1,0
901254039928419_1337257116328107,"India-Israel Innovation Bridge, a revolutionary platform for startups and innovators from both the countries. #StartupIndia #IndiaIsraelStartup",Timeline Photos,photo,https://www.facebook.com/StartupIndia/photos/a.903216846398805.1073741828.901254039928419/1337257116328107/?type=3,2017-07-06 06:30:00,30,0,1,30,0,0,0,0,0,0
901254039928419_1337261942994291,"India Israel Innovation Bridge, opening the doors of opportunity for startups, innovators and visionaries. A platform to discuss global challenges. Are you ready? #StartupIndia #IndiaIsraelStartup",,video,https://www.facebook.com/StartupIndia/videos/1337261942994291/,2017-07-06 06:00:00,25,5,3,24,1,0,0,0,0,0
901254039928419_1334429929944159,4900+ applicants have completed the 4-week #StartupIndia learning program! Register and boost your #startup journey today!,Timeline Photos,photo,https://www.facebook.com/StartupIndia/photos/a.903216846398805.1073741828.901254039928419/1334429929944159/?type=3,2017-07-06 02:30:00,46,5,5,45,1,0,0,0,0,0
901254039928419_1334428676610951,No letter of recommendation required any longer! Get recognized by #StartupIndia bit.ly/2oyV36v,"Startupindia, Department of Ministry of Commerce and Industry, Government of India",link,http://bit.ly/2oyV36v,2017-07-05 23:30:00,55,5,6,55,0,0,0,0,0,0
901254039928419_1334429083277577,Getting funding becomes easier. 67 startups have received funding under Fund of Funds for Startups already! #StartupIndia,Timeline Photos,photo,https://www.facebook.com/StartupIndia/photos/a.903216846398805.1073741828.901254039928419/1334429083277577/?type=3,2017-07-05 07:30:00,92,14,10,85,5,0,2,0,0,0
901254039928419_1334427093277776,470+ applicants have already availed benefits under the SIPP scheme. When are you applying? #StartupIndia,Timeline Photos,photo,https://www.facebook.com/StartupIndia/photos/a.903216846398805.1073741828.901254039928419/1334427093277776/?type=3,2017-07-05 02:30:00,36,1,4,35,1,0,0,0,0,0
901254039928419_1334426029944549,Faster exit possible! #Startups can wind up businesses within a period of 90 days. #StartupIndia,Timeline Photos,photo,https://www.facebook.com/StartupIndia/photos/a.903216846398805.1073741828.901254039928419/1334426029944549/?type=3,2017-07-04 23:30:00,32,2,2,31,0,0,1,0,0,0
901254039928419_1334423856611433,#StartupIndia has guided many #entrepreneurs on the path of success. Grab your chance of touching heights with it's learning program.,Timeline Photos,photo,https://www.facebook.com/StartupIndia/photos/a.903216846398805.1073741828.901254039928419/1334423856611433/?type=3,2017-07-04 07:30:00,12,0,1,12,0,0,0,0,0,0
901254039928419_1334423056611513,Starting up was never this easy. #StartupIndia is changing the #startup scenario for better #entrepreneurs. bit.ly/2iU2saA,Timeline Photos,photo,https://www.facebook.com/StartupIndia/photos/a.903216846398805.1073741828.901254039928419/1334423056611513/?type=3,2017-07-04 02:30:00,42,2,2,40,1,0,1,0,0,0
901254039928419_1334410806612738,#StartupIndia learning program unlocking many new opportunities for everyone. Have you enrolled for the program yet? bit.ly/2iU2saA,Timeline Photos,photo,https://www.facebook.com/StartupIndia/photos/a.903216846398805.1073741828.901254039928419/1334410806612738/?type=3,2017-07-03 23:30:00,35,3,3,33,1,1,0,0,0,0
901254039928419_1334409133279572,Listen to the #entrepreneurs who got answers to their questions by #StartupIndia experts. bit.ly/2iU2saA,Timeline Photos,photo,https://www.facebook.com/StartupIndia/photos/a.903216846398805.1073741828.901254039928419/1334409133279572/?type=3,2017-07-03 05:57:00,21,0,3,20,1,0,0,0,0,0
901254039928419_1334411876612631,#StartupIndia Learning & Development Program - A starting point for hundreds of future’s big things…bit.ly/2iU2saA,Timeline Photos,photo,https://www.facebook.com/StartupIndia/photos/a.903216846398805.1073741828.901254039928419/1334411713279314/?type=3,2017-07-03 05:52:09,36,1,1,35,1,0,0,0,0,0
901254039928419_1334407059946446,"#StartupIndia learning program have benefited hundreds of budding #entrepreneurs. 
You can be the next! http://bit.ly/2iU2saA",Timeline Photos,photo,https://www.facebook.com/StartupIndia/photos/a.903216846398805.1073741828.901254039928419/1334406849946467/?type=3,2017-07-03 05:40:22,27,0,0,26,0,1,0,0,0,0
901254039928419_1330702306983588,"An interactive session to get your queries answered around #StartupIndia, #MakeInIndia & More...?",#ASKNIRMALA,video,https://www.facebook.com/StartupIndia/videos/1330702306983588/,2017-06-29 06:10:07,102,57,16,91,8,1,1,0,1,0
901254039928419_1330575773662908,Get answers to all your #startup queries from @CIMGOI facebook live on today. Post your queries using #AskNirmala #StartupIndia,Timeline Photos,photo,https://www.facebook.com/StartupIndia/photos/a.903216846398805.1073741828.901254039928419/1330575773662908/?type=3,2017-06-29 03:52:59,82,20,8,80,1,0,0,0,1,0
901254039928419_1328177783902707,"Nirmala Sitharaman, Minister - Commerce & Industry will take all your questions live at 4:30 pm this Thursday, 29th June. Send in your questions with #AskNirmala",Timeline Photos,photo,https://www.facebook.com/StartupIndia/photos/a.903216846398805.1073741828.901254039928419/1328177783902707/?type=3,2017-06-26 23:26:11,92,13,21,89,1,2,0,0,0,0
901254039928419_1324052380981914,"Sameer Garg, from AxisBank addressing #StartupThursday queries about support offered by private banks for funding 

https://youtu.be/mizT4iua1Qc",StartupThursday by StartupIndia,video,https://youtu.be/mizT4iua1Qc,2017-06-22 08:52:37,41,2,3,40,1,0,0,0,0,0
901254039928419_1323317317722087,#StartupIndia wishes everyone a happy and healthy international yoga day!,Timeline Photos,photo,https://www.facebook.com/StartupIndia/photos/a.903216846398805.1073741828.901254039928419/1323317317722087/?type=3,2017-06-21 10:14:50,38,2,4,36,2,0,0,0,0,0
901254039928419_1323374987716320,"We are here to help! Meet the entrepreneurs who have benefited from the #StartupIndia initiative.

https://www.youtube.com/watch?v=orzNC8lClKk",StartupIndia,video,https://www.youtube.com/watch?v=orzNC8lClKk,2017-06-21 11:38:21,43,5,7,42,1,0,0,0,0,0
901254039928419_1323374334383052,"Attention all entrepreneurs! Starting up becomes easier now. The #StartupIndiaHub is here!
https://www.youtube.com/watch?v=FdhYuQD8MXw&feature=youtu.be",StartupIndia Launches Hub,video,https://www.youtube.com/watch?v=FdhYuQD8MXw&feature=youtu.be,2017-06-21 11:37:35,54,5,13,52,2,0,0,0,0,0
901254039928419_1321283774592108,#StartupIndiaHub. All you need to know about starting up becomes simpler. Register today for an exciting startup journey. https://www.startupindiahub.org.in/,Timeline Photos,photo,https://www.facebook.com/StartupIndia/photos/a.903216846398805.1073741828.901254039928419/1321283774592108/?type=3,2017-06-19 05:26:00,49,4,5,49,0,0,0,0,0,0
901254039928419_1321329461254206,"#StartupIndiaHub,a platform for all stakeholders of #startup ecosystem to discover, connect & engage. https://www.startupindiahub.org.in/",StartupIndia Hub Launch,video,https://www.facebook.com/StartupIndia/videos/1321329461254206/,2017-06-19 04:44:21,81,18,32,75,2,2,2,0,0,0
901254039928419_1321303194590166,Catch the live action. Panel discussion in session at the #StartupIndiaHub launch.,StartupIndia Hub Launch,video,https://www.youtube.com/attribution_link?a=3A9xlKhh0JU&u=%2Fwatch%3Fv%3DgbEREdDBloM%26feature%3Dshare,2017-06-19 03:50:41,34,5,4,34,0,0,0,0,0,0
901254039928419_1321282051258947,"All geared for the launch of #StartupIndiaHub @ Le Meridien, Delhi. Follow for live updates. #StartupIndia",Timeline Photos,photo,https://www.facebook.com/StartupIndia/photos/a.903216846398805.1073741828.901254039928419/1321282051258947/?type=3,2017-06-19 03:11:28,37,9,5,37,0,0,0,0,0,0
901254039928419_1320293801357772,Bring in your startup-related queries and get the answers you’ve been looking for. Find out tomorrow. #StartupIndiaHub,Timeline Photos,photo,https://www.facebook.com/StartupIndia/photos/a.903216846398805.1073741828.901254039928419/1320293801357772/?type=3,2017-06-18 03:15:18,35,9,3,35,0,0,0,0,0,0
901254039928419_1317624431624709,#StartupThursday facebook live session.,,video,https://www.facebook.com/StartupIndia/videos/1317624431624709/,2017-06-15 07:06:20,125,82,15,112,7,4,2,0,0,0
901254039928419_1317501008303718,30 minutes to go! #StartupThursday session has all answers to your #startup related queries. Block your time for the facebook live session.,Timeline Photos,photo,https://www.facebook.com/StartupIndia/photos/a.903216846398805.1073741828.901254039928419/1317501008303718/?type=3,2017-06-15 06:30:08,38,3,2,37,1,0,0,0,0,0
901254039928419_470973963248295,,Facebook Live With Experts,event,https://www.facebook.com/events/470973963248295/,2017-06-15 04:02:32,8,2,0,8,0,0,0,0,0,0
901254039928419_1317497141637438,Get answers to all your #startup related queries by our expert panel today at 5:30pm. Stay tuned.  #StartupThursday,Timeline Photos,photo,https://www.facebook.com/StartupIndia/photos/a.903216846398805.1073741828.901254039928419/1317497141637438/?type=3,2017-06-15 03:59:04,21,2,6,21,0,0,0,0,0,0
901254039928419_1314576091929543,"78 days in the US, 38 cities to cover, 500 US #startups to be reached - agenda of the #MentorOnRoad initiative. #StartupIndia",Timeline Photos,photo,https://www.facebook.com/StartupIndia/photos/a.903216846398805.1073741828.901254039928419/1314576091929543/?type=3,2017-06-14 00:29:00,32,1,2,30,1,1,0,0,0,0
901254039928419_1316357845084701,Join the #StartupThursday Facebook live session on 15th June @ 5:30PM & get your #startup queries addressed by experts.,Timeline Photos,photo,https://www.facebook.com/StartupIndia/photos/a.903216846398805.1073741828.901254039928419/1316357845084701/?type=3,2017-06-13 22:25:41,39,7,14,37,0,2,0,0,0,0
901254039928419_1314575185262967,"#MentorOnRoad, a unique initiative by the govt. to promote the Indian market for US #startups. #StartupIndia",Timeline Photos,photo,https://www.facebook.com/StartupIndia/photos/a.903216846398805.1073741828.901254039928419/1314575185262967/?type=3,2017-06-13 04:45:00,61,4,3,60,0,1,0,0,0,0
901254039928419_1314572458596573,#MentorOnRoad initiative starting from 4th June & ending on 17th Sept aims to showcase the India opportunities to US #startups. #StartupIndia,Timeline Photos,photo,https://www.facebook.com/StartupIndia/photos/a.903216846398805.1073741828.901254039928419/1314572458596573/?type=3,2017-06-12 03:17:40,51,4,1,50,0,1,0,0,0,0
901254039928419_1310491675671318,‪Watch #StartupIndia team addressing #StartupThursday queries.‬,,video,https://www.facebook.com/StartupIndia/videos/1310491675671318/,2017-06-08 03:12:48,288,24,28,280,4,3,0,1,0,0
901254039928419_1308465385873947,"#StartupIndia resolves 50,000+ startup queries with the highest number of calls from Maharashtra, UP & Delhi amounting to 44%.",Timeline Photos,photo,https://www.facebook.com/StartupIndia/photos/a.903216846398805.1073741828.901254039928419/1308465385873947/?type=3,2017-06-06 03:32:39,50,1,8,49,1,0,0,0,0,0
901254039928419_1341177742602711,"Watch Bishakha Bhattacharya, Sr. Director & Head Public Policy,NASSCOM, addressing #startup related queries. #StartupThursday #StartupIndia",,video,https://www.facebook.com/StartupIndia/videos/1341171292603356/,2017-07-10 09:48:29,37,2,4,36,1,0,0,0,0,0
901254039928419_1303791033008049,"Watch JS DIPP, Rajiv Aggarwal addressing #StartupThursday queries around the revised #Startup definition",#StartupThursday,video,https://www.facebook.com/StartupIndia/videos/1303791033008049/,2017-06-01 08:25:34,195,9,29,190,5,0,0,0,0,0
901254039928419_1298962206824265,"Improvement in products/services, employment creation, scalability-part of new definition of #startups #StartupIndia http://bit.ly/2jtRRpE",Timeline Photos,photo,https://www.facebook.com/StartupIndia/photos/a.903216846398805.1073741828.901254039928419/1298962206824265/?type=3,2017-05-28 23:19:00,100,4,25,99,0,1,0,0,0,0
901254039928419_1298961730157646,#StartupIndia relaxes eligibility criteria for #startups. Visit http://bit.ly/2jtRRpE  to know more.,Timeline Photos,photo,https://www.facebook.com/StartupIndia/photos/a.903216846398805.1073741828.901254039928419/1298961730157646/?type=3,2017-05-28 00:18:00,100,4,21,95,1,4,0,0,0,0
901254039928419_1298960943491058,The #startup definition has been simplified! No need of a Letter of recommendation for #startups! Visit http://bit.ly/2jtRRpE  #StartupIndia,Timeline Photos,photo,https://www.facebook.com/StartupIndia/photos/a.903216846398805.1073741828.901254039928419/1298960943491058/?type=3,2017-05-27 00:00:00,168,12,16,164,2,2,0,0,0,0
901254039928419_1298134613573691,Joint Secretary Rajiv Aggarwal explains what the new Startup definition entails #startupindia. https://youtu.be/bi455OEaTW4,New Startup definition,video,https://youtu.be/bi455OEaTW4,2017-05-25 23:30:00,54,6,12,52,1,1,0,0,0,0
901254039928419_1298066383580514,Reach out to #StartupIndia for all your #startup related queries with #StartupThursday; just post using #MOCIseva and tag Startup India,StartupThursday,video,https://www.facebook.com/StartupIndia/videos/1298066383580514/,2017-05-25 11:02:36,231,14,19,227,4,0,0,0,0,0
901254039928419_1297929763594176,Starting up made simpler! Check the new notification here bit.ly/2k8n9iY #startupindia,"Startupindia, Department of Ministry of Commerce and Industry, Government of India",link,http://bit.ly/2k8n9iY,2017-05-25 07:22:50,76,1,8,76,0,0,0,0,0,0
901254039928419_1292867710767048,Smt Nirmala Sitharaman will be talking about 3 years of the Govt. including #startupindia at 12:00 pm tomorrow. Join us at https://t.co/tC0ahBRnw4,Timeline Photos,photo,https://www.facebook.com/StartupIndia/photos/a.903216846398805.1073741828.901254039928419/1292867710767048/?type=3,2017-05-19 10:49:16,144,4,16,140,3,0,0,1,0,0
901254039928419_1284332724953880,#StartupIndia provided guidance to an electric vehicle manufacturing #startup focused on selling electric two wheelers. #Successstory,Timeline Photos,photo,https://www.facebook.com/StartupIndia/photos/a.903216846398805.1073741828.901254039928419/1284332724953880/?type=3,2017-05-15 00:01:00,115,3,11,108,3,3,1,0,0,0
901254039928419_1284333328287153,#StartupTrivia-Know all about “Angel #Investors”. #StartupIndia #Startup #KnowledgeTip,Timeline Photos,photo,https://www.facebook.com/StartupIndia/photos/a.903216846398805.1073741828.901254039928419/1284333328287153/?type=3,2017-05-14 07:02:00,121,9,10,116,0,2,0,0,0,3
901254039928419_1284332354953917,#StartupTrivia - know what “Venture Capital” is! #StartupIndia #Startup #KnowledgeTip,Timeline Photos,photo,https://www.facebook.com/StartupIndia/photos/a.903216846398805.1073741828.901254039928419/1284332354953917/?type=3,2017-05-13 01:00:00,48,4,6,48,0,0,0,0,0,0
901254039928419_1284332068287279,#StartupIndia assisted a startup that manufactures low cost IoT sensors in providing infrastructure. #Successstory #startups,Timeline Photos,photo,https://www.facebook.com/StartupIndia/photos/a.903216846398805.1073741828.901254039928419/1284332068287279/?type=3,2017-05-12 00:30:00,67,2,8,67,0,0,0,0,0,0
901254039928419_1284331584953994,#StartupTrivia–Understand the “#Startup Incubator Support”. #startupindia #Starups #knowledgetip,Timeline Photos,photo,https://www.facebook.com/StartupIndia/photos/a.903216846398805.1073741828.901254039928419/1284331584953994/?type=3,2017-05-11 00:59:00,77,2,4,77,0,0,0,0,0,0
901254039928419_1284331131620706,"#StartupIndia provided guidance to an early stage startup, Space Boat in gathering relevant funds. #Successstory #Startup",Timeline Photos,photo,https://www.facebook.com/StartupIndia/photos/a.903216846398805.1073741828.901254039928419/1284331131620706/?type=3,2017-05-10 04:47:04,61,4,4,59,0,1,1,0,0,0
901254039928419_1274509192602900,"It’s all about learning. 3,700+ users have completed 100% course of the #StartupIndia learning program.

http://www.startupindia.gov.in/learning-development/",Startup India Learning Program with UpGrad,link,http://www.startupindia.gov.in/learning-development/,2017-05-01 01:20:21,95,2,6,95,0,0,0,0,0,0
901254039928419_1267118773341942,"Joint Secy Rajiv Aggarwal,DIPP , Nita Kapoor CEO, Vccircle , K.I. Mani C.G.M SIDBI coming together for a live chat on 25th Apr @ 5:30PM https://t.co/r3RKnXwLOQ",Startup India on Twitter,link,https://t.co/r3RKnXwLOQ,2017-04-25 01:12:11,87,5,6,87,0,0,0,0,0,0
901254039928419_1263557210364765,Join us for a twitter chat with Joint secy Rajiv Aggarwal on 25th April at 5:30 & get answers to your startup queries by using #startupindia on StartupIndia twitter page:  https://twitter.com/startupindia,Timeline Photos,photo,https://www.facebook.com/StartupIndia/photos/a.903216846398805.1073741828.901254039928419/1263557210364765/?type=3,2017-04-22 07:45:05,133,11,21,132,0,1,0,0,0,0
901254039928419_1257112697675883,#StartupTrivia - Understand what “Research Parks” are! #StartupIndia #Understandingterms #knowledgetip #tips,Timeline Photos,photo,https://www.facebook.com/StartupIndia/photos/a.903216846398805.1073741828.901254039928419/1257112697675883/?type=3,2017-04-17 07:35:00,90,7,9,89,1,0,0,0,0,0
901254039928419_1257106497676503,#StartupIndia mentored a mechanic who designed a car which runs on carbide and water. #Successstory http://startupindia.gov.in/startup-registration.php …,Timeline Photos,photo,https://www.facebook.com/StartupIndia/photos/a.903216846398805.1073741828.901254039928419/1257106497676503/?type=3,2017-04-17 04:20:21,302,9,32,282,8,12,0,0,0,0
901254039928419_1242430732477413,"The purpose of #StartupIndia, in the words of Smt. Nirmala Sitharaman, MoS, Ministry of Commerce and Industry of India",Timeline Photos,photo,https://www.facebook.com/StartupIndia/photos/a.903216846398805.1073741828.901254039928419/1242430732477413/?type=3,2017-04-10 00:00:00,126,4,13,125,1,0,0,0,0,0
901254039928419_1242432985810521,"#StartupIndia helping #startups, when and where it matters.",Timeline Photos,photo,https://www.facebook.com/StartupIndia/photos/a.903216846398805.1073741828.901254039928419/1242432985810521/?type=3,2017-04-09 01:20:00,134,5,13,133,1,0,0,0,0,0
901254039928419_1242432442477242,Helping & enabling you to nurture your idea. Reg to benefit from the Startup India learning program. http://bit.ly/2iU2saA  #startupindia,Timeline Photos,photo,https://www.facebook.com/StartupIndia/photos/a.903216846398805.1073741828.901254039928419/1242432442477242/?type=3,2017-04-08 00:00:00,73,4,4,73,0,0,0,0,0,0
901254039928419_1242431375810682,Learn the art of idea validation! Register for the free #Startup India learning program! http://bit.ly/2iU2saA  #StartupIndia,Timeline Photos,photo,https://www.facebook.com/StartupIndia/photos/a.903216846398805.1073741828.901254039928419/1242431375810682/?type=3,2017-04-07 00:19:00,100,1,12,99,0,1,0,0,0,0
901254039928419_1242429639144189,"257 Tinkering labs approved by NITIAayog post evaluation, 200 more to go! #StartupIndia",Timeline Photos,photo,https://www.facebook.com/StartupIndia/photos/a.903216846398805.1073741828.901254039928419/1242429639144189/?type=3,2017-04-06 07:15:00,103,3,4,103,0,0,0,0,0,0
901254039928419_1242429275810892,The learning program is educating budding #entrepreneurs thru diff. stages of their #startup journey! http://bit.ly/2iU2saA  #StartupIndia,Timeline Photos,photo,https://www.facebook.com/StartupIndia/photos/a.903216846398805.1073741828.901254039928419/1242429275810892/?type=3,2017-04-06 00:00:00,81,1,4,81,0,0,0,0,0,0
